index,Login Timestamp,User ID,Round-Trip Time [ms],IP Address,Country,Region,City,ASN,User Agent String,Browser Name and Version,OS Name and Version,Device Type,Login Successful,Is Attack IP,Is Account Takeover
0,2020-02-03 12:43:30.772,-4324475583306591935,,10.0.65.171,NO,-,-,29695,Mozilla/5.0  (iPhone; CPU iPhone OS 13_4 like Mac OS X) Gecko/20150101 Firefox/20.0.0.1618 (Chrome variation/248113,Firefox 20.0.0.1618,iOS 13.4,mobile,False,False,False
1,2020-02-03 12:43:43.549,-4324475583306591935,,194.87.207.6,AU,-,-,60117,"Mozilla/5.0  (Linux; Android 4.1; Galaxy Nexus Build/JRN84D) AppleWebKit/537.36 (KHTML, like Gecko Chrome/46.0.2490.76 Mobile Safari/537.36 Browser",Chrome Mobile 46.0.2490,Android 4.1,mobile,False,False,False
2,2020-02-03 12:43:55.873,-3284137479262433373,,81.167.144.58,NO,Vestland,Urangsvag,29695,"Mozilla/5.0  (iPad; CPU OS 7_1 like Mac OS X) AppleWebKit/533.1 (KHTML, like Gecko Version/4.0 Mobile Safari/533.1 variation/277457",Android 2.3.3.2672,iOS 7.1,mobile,True,False,False
3,2020-02-03 12:43:56.180,-4324475583306591935,,170.39.78.152,US,-,-,393398,"Mozilla/5.0  (Linux; Android 4.1; Galaxy Nexus Build/JRN84D) Build/OPS27.82-19-4; wv AppleWebKit/537.36 (KHTML, like Gecko Version/4.0 Chrome/85.0.4183.127 Mobile Safari/537.36",Chrome Mobile WebView 85.0.4183,Android 4.1,mobile,False,False,False
4,2020-02-03 12:43:59.396,-4618854071942621186,,10.0.0.47,US,Virginia,Ashburn,398986,"Mozilla/5.0  (Linux; U; Android 2.2) Build/NMA26.42-169; wv AppleWebKit/537.36 (KHTML, like Gecko Version/4.0 Chrome/85.0.4183.120 Mobile Safari/537.36",Chrome Mobile WebView 85.0.4183,Android 2.2,mobile,False,True,False
5,2020-02-03 12:44:05.160,-4324475583306591935,,209.236.123.126,US,-,-,393398,"Mozilla/5.0  (Linux; Android 4.1; Galaxy Nexus Build/JRN84D) Build/NCQS26.69-64-5; wv AppleWebKit/537.36 (KHTML, like Gecko Version/4.0 Chrome/85.0.4183.127 Mobile Safari/537.36",Chrome Mobile WebView 85.0.4183,Android 4.1,mobile,False,True,False
6,2020-02-03 12:44:07.893,7246533443898239661,,80.202.228.214,NO,-,-,15659,"Mozilla/5.066704189 Mozilla/5.0  (X11; CrOS x86_64 13020.67.3) AppleWebKit/537.36 (KHTML, like Gecko Chrome/69.0.3497.17.19.81 Safari/537.36",Chrome 69.0.3497.17.19,Chrome OS 13020.67.3,desktop,True,False,False
7,2020-02-03 12:44:12.799,-3243978724802435038,,170.39.78.177,US,-,-,393398,"Mozilla/5.0 (Linux; Android 10.0.99; H30-U10) AppleWebKit/537.36 (KHTML, like Gecko) Chrome/81.0.4044.1931.96 Mobile Safari/537.36 variation/14113",Chrome Mobile 81.0.4044.1931,Android 10.0.99,mobile,False,False,False
8,2020-02-03 12:44:17.474,8076000552587369902,,10.0.61.212,NO,-,-,29695,"Mozilla/5.0 (Linux; U; Android 7.1.2; en-gb; Redmi 4A Build/N2G47H) AppleWebKit/537.36 (KHTML, like Gecko) Version/4.0 Chrome/71.0.3578.141 Mobile Safari/537.36 XiaoMi/MiuiBrowser/12.6.5-go",MiuiBrowser 12.6.5,Android 7.1.2,mobile,False,False,False
9,2020-02-03 12:44:19.071,-3065936140549856249,,92.221.109.162,NO,Rogaland,Sandnes,29695,"Mozilla/5.0 (Macintosh; Intel Mac OS X 10_14_6) AppleWebKit/537.36 (KHTML, like Gecko) Chrome/69.0.3497.17.28.92 Safari/537.36",Chrome 69.0.3497.17.28,Mac OS X 10.14.6,desktop,True,False,False
10,2020-02-03 12:44:19.260,5932501938287412564,,84.48.61.135,NO,-,-,15659,"Mozilla/5.0 (Macintosh; Intel Mac OS X 10_14_6) AppleWebKit/537.36 (KHTML, like Gecko) Chrome/86.0.4202.0 Safari/537.36",Chrome 86.0.4202,Mac OS X 10.14.6,desktop,True,False,False
11,2020-02-03 12:44:24.849,-9080829243863829585,,156.52.48.83,NO,Viken,Gressvik,29695,"Mozilla/5.0 (Macintosh; Intel Mac OS X 10_14_6) AppleWebKit/537.36 (KHTML, like Gecko) Chrome/79.0.3945.192.203.88 Safari/537.36",Chrome 79.0.3945.192.203,Mac OS X 10.14.6,desktop,True,False,False
12,2020-02-03 12:44:25.789,5729679535281970107,,170.39.79.164,US,-,-,393398,"Mozilla/5.0  (Linux; Android 4.1; Galaxy Nexus Build/JRN84D) AppleWebKit/537.36 (KHTML, like Gecko Chrome/80.0.3987.162 Mobile Safari/537.36 PHX/5.0",Chrome Mobile 80.0.3987,Android 4.1,mobile,False,False,False
13,2020-02-03 12:44:26.828,-4324475583306591935,,46.212.51.170,NO,Viken,Klofta,41164,"Mozilla/5.0  (X11; Linux armv7l) AppleWebKit/537.36 (KHTML, like Gecko Chrome/86.0.4240.378.111 Safari/537.36/BMhR5lqd-29/BMhR5lqd-29/BMhR5lqd-29",Chrome 86.0.4240.378,Chromecast 1.36.159268,desktop,False,False,False
14,2020-02-03 12:44:29.221,-4324475583306591935,,10.0.67.86,NO,Troms og Finnmark,Bjornevatn,29695,"Mozilla/5.0  (iPad; CPU OS 7_1 like Mac OS X) AppleWebKit/533.1 (KHTML, like Gecko Version/4.0 Mobile Safari/533.1 variation/277457",Android 2.3.3.2672,iOS 7.1,mobile,False,False,False
15,2020-02-03 12:44:30.475,-8296667206273764769,1123.0,82.147.58.93,NO,Oslo County,Oslo,29492,"Mozilla/5.0  (iPad; CPU OS 7_1 like Mac OS X) AppleWebKit/533.1 (KHTML, like Gecko Version/4.0 Mobile Safari/533.1 variation/277457",Android 2.3.3.2672,iOS 7.1,mobile,True,False,False
16,2020-02-03 12:44:31.854,-4663943525943860871,,81.166.109.168,NO,Rogaland,Haugesund,29695,"Mozilla/5.0 (Macintosh; Intel Mac OS X 10_14_6) AppleWebKit/537.36 (KHTML, like Gecko) Chrome/86.0.4202.0 Safari/537.36",Chrome 86.0.4202,Mac OS X 10.14.6,desktop,True,False,False
17,2020-02-03 12:44:33.042,-4324475583306591935,,115.69.219.34,ID,East Java,Surabaya,38778,"Mozilla/5.0  (iPhone; CPU iPhone OS 13_4 like Mac OS X) Plus Build/NCRS26.58-44-25; wv AppleWebKit/537.36 (KHTML, like Gecko Version/4.0 Chrome/85.0.4183.81 Mobile Safari/537.36",Chrome Mobile WebView 85.0.4183,iOS 13.4,mobile,False,False,False
18,2020-02-03 12:44:33.093,-4324475583306591935,,46.183.175.255,NO,-,-,197475,"Mozilla/5.0 (X11; CrOS aarch64 11316.123.0) AppleWebKit/537.36 (KHTML, like Gecko) Chrome/72.0.3626.97 Safari/537.36",Chrome 72.0.3626,Chrome OS 11316.123.0,desktop,False,False,False
19,2020-02-03 12:44:33.239,1211299018980019605,,10.0.77.207,NO,Oslo County,Oslo,29695,"Mozilla/5.0  (X11; CrOS armv7l 5978.98.0) AppleWebKit/537.36 (KHTML, like Gecko Chrome/69.0.3497.17.19.95 Safari/537.36",Chrome 69.0.3497.17.19,Chrome OS 5978.98.0,desktop,True,False,False
20,2020-02-03 12:44:36.492,6386637550223767974,,109.247.53.244,NO,Agder,Byglandsfjord,29695,"Mozilla/5.0  (iPad; CPU OS 7_1 like Mac OS X) AppleWebKit/533.1 (KHTML, like Gecko Version/4.0 Mobile Safari/533.1 variation/277457",Android 2.3.3.2672,iOS 7.1,mobile,True,False,False
21,2020-02-03 12:44:39.645,-6824206179319715465,,81.166.116.24,NO,Rogaland,Stavanger,29695,"Mozilla/5.0  (X11; CrOS armv7l 5978.98.0) AppleWebKit/537.36 (KHTML, like Gecko Chrome/90.0.4411.0 Safari/537.36 variation/1036",Chrome 90.0.4411,Chrome OS 5978.98.0,desktop,True,False,False
22,2020-02-03 12:44:40.204,9133470655600090013,,38.135.39.102,US,-,-,393398,"Mozilla/5.0  (Linux; Android 4.1; Galaxy Nexus Build/JRN84D) AppleWebKit/537.36 (KHTML, like Gecko Chrome/51.0.2704.81 Mobile Safari/537.36 variation/42843",Chrome Mobile 51.0.2704,Android 4.1,mobile,False,True,False
23,2020-02-03 12:44:40.351,-4324475583306591935,,92.220.92.118,BR,-,-,29695,"Mozilla/5.0  (iPad; CPU OS 7_1 like Mac OS X) AppleWebKit/533.1 (KHTML, like Gecko Version/4.0 Mobile Safari/533.1 variation/277457",Android 2.3.3.2672,iOS 7.1,mobile,False,False,False
24,2020-02-03 12:44:40.487,-4324475583306591935,,23.137.225.84,US,-,-,393398,"Mozilla/5.0  (Mobile; Windows Phone 8.1; Android 4.0; ARM; Trident/7.0; Touch; https://github.com/das-group/rba-dataset; IEMobile/11.0; Microsoft; Lumia 430 Dual SIM) AppleWebKit/537.36 (KHTML, like Gecko Chrome/80.0.3987.99 Mobile Safari/537.36 PHX/5.5",Chrome Mobile 80.0.3987,Windows Phone 8.1,mobile,False,False,False
25,2020-02-03 12:44:41.712,7032247427121824919,,89.162.71.53,NO,Nordland,Mo i Rana,29695,"Mozilla/5.0  (iPad; CPU OS 7_1 like Mac OS X) AppleWebKit/533.1 (KHTML, like Gecko Version/4.0 Mobile Safari/533.1 variation/277457",Android 2.3.3.2672,iOS 7.1,mobile,True,False,False
26,2020-02-03 12:44:42.020,-4324475583306591935,,199.26.84.48,US,-,-,393398,"Mozilla/5.0  (Linux; Android 4.1; Galaxy Nexus Build/JRN84D) Plus AppleWebKit/537.36 (KHTML, like Gecko Chrome/81.0.4044.1943.123 Mobile Safari/537.36",Chrome Mobile 81.0.4044.1943,Android 4.1,mobile,False,False,False
27,2020-02-03 12:44:43.653,8933718300941485415,,10.0.113.42,NO,Oslo County,Oslo,500034,"Mozilla/5.0 (Macintosh; Intel Mac OS X 10_14_6) AppleWebKit/537.36 (KHTML, like Gecko) Chrome/69.0.3497.17.19.92 Safari/537.36",Chrome 69.0.3497.17.19,Mac OS X 10.14.6,desktop,True,False,False
28,2020-02-03 12:44:44.504,-4324475583306591935,,79.161.39.219,NO,Viken,Solbergelva,29695,"Mozilla/5.0  (Macintosh; Intel Mac OS X 10_14_6) AppleWebKit/537.36 (KHTML, like Gecko Chrome/90.0.4411.0 Safari/537.36",Chrome 90.0.4411,Mac OS X 10.14.6,desktop,False,False,False
29,2020-02-03 12:44:45.486,-6902636637841323511,,176.107.153.76,PL,Mazovia,Warsaw,205727,"Mozilla/5.0  (Linux; Android 9.7 Tiger Ginger; QMobile i12) plus Build/QPI30.28-Q3-28-26; wv AppleWebKit/537.36 (KHTML, like Gecko Version/4.0 Chrome/85.0.4183.127 Mobile Safari/537.36 EdgW/1.0",Chrome Mobile WebView 85.0.4183,Android 9.7,mobile,True,False,False
30,2020-02-03 12:44:45.931,1808131893419673157,,80.203.221.4,NO,Viken,Hokksund,15659,"Mozilla/5.0  (iPad; CPU OS 7_1 like Mac OS X) AppleWebKit/533.1 (KHTML, like Gecko Version/4.0 Mobile Safari/533.1 variation/277457",Android 2.3.3.2672,iOS 7.1,mobile,True,False,False
31,2020-02-03 12:44:46.039,2053665694442615172,,152.93.187.81,NO,-,-,29695,"Mozilla/5.0  (Macintosh; Intel Mac OS X 11_6_3) AppleWebKit/537.36 (KHTML, like Gecko Chrome/79.0.3945.192.207.130 Safari/537.36 RuxitSynthetic/1.0 v5051195742 t8347097904287973985",Chrome 79.0.3945.192.207,Mac OS X 11.6.3,desktop,True,False,False
32,2020-02-03 12:44:46.803,-4324475583306591935,,156.52.54.27,NO,Viken,Gressvik,29695,"Mozilla/5.0  (Macintosh; U; Intel Mac OS X 10_6_2; en-us) AppleWebKit/537.36 (KHTML, like Gecko Chrome/85.0.4163.0 Safari/537.36",Chrome 85.0.4163,Mac OS X 10.6.2,desktop,False,False,False
33,2020-02-03 12:44:47.708,-6933726760150666774,,79.161.194.240,NO,Vestland,Sagvag,29695,"Mozilla/5.0  (X11; CrOS x86_64 13505.73.0) AppleWebKit/537.36 (KHTML, like Gecko Chrome/72.0.3626.56.121 Safari/537.36",Chrome 72.0.3626.56,Chrome OS 13505.73.0,desktop,True,False,False
34,2020-02-03 12:44:49.045,-4324475583306591935,,10.0.80.237,PL,Mazovia,Zielonka,205727,"Mozilla/5.0  (Linux; U; Android 2.2) AppleWebKit/537.36 (KHTML, like Gecko Version/4.0 Focus/3.5.2 Chrome/85.0.4183.81 Mobile Safari/537.36",Chrome Mobile WebView 85.0.4183,Android 2.2,mobile,False,False,False
35,2020-02-03 12:44:49.820,2700661740967503994,,141.0.88.74,NO,Rogaland,Sandnes,29695,"Mozilla/5.0  (iPad; CPU OS 7_1 like Mac OS X) AppleWebKit/533.1 (KHTML, like Gecko Version/4.0 Mobile Safari/533.1 variation/277457",Android 2.3.3.2672,iOS 7.1,mobile,True,False,False
36,2020-02-03 12:44:50.690,-5377627992963732557,,115.69.219.34,ID,East Java,Surabaya,38778,"Mozilla/5.0  (iPhone; CPU iPhone OS 13_4 like Mac OS X) Plus Build/NCRS26.58-44-25; wv AppleWebKit/537.36 (KHTML, like Gecko Version/4.0 Chrome/85.0.4183.81 Mobile Safari/537.36",Chrome Mobile WebView 85.0.4183,iOS 13.4,mobile,True,False,False
37,2020-02-03 12:44:51.871,3974716234969525862,,84.209.221.148,NO,Viken,Finstadjordet,41164,"Mozilla/5.0  (iPhone; CPU iPhone OS 11_2_6 like Mac OS X) Build/PKQ1.190522.001; wv AppleWebKit/537.36 (KHTML, like Gecko Version/4.0 Chrome/85.0.4183.81 Mobile Safari/537.36",Chrome Mobile WebView 85.0.4183,iOS 11.2.6,mobile,False,False,False
38,2020-02-03 12:44:55.458,-5325831348226591597,,10.0.108.181,NO,Vestland,Frekhaug,500127,"Mozilla/5.0 (Macintosh; Intel Mac OS X 10_14_6) AppleWebKit/537.36 (KHTML, like Gecko) Chrome/78.0.3904.108 Safari/537.36 OPR/65.0.3467.72",Opera 65.0.3467,Mac OS X 10.14.6,desktop,True,False,False
39,2020-02-03 12:44:56.760,8842350825513962051,,92.220.43.111,NO,Vestland,Bergen,29695,"Mozilla/5.0 (Macintosh; Intel Mac OS X 10_14_6) AppleWebKit/537.36 (KHTML, like Gecko) Chrome/69.0.3497.17.19.92 Safari/537.36",Chrome 69.0.3497.17.19,Mac OS X 10.14.6,desktop,True,False,False
40,2020-02-03 12:44:56.794,7468171978220268329,,158.149.143.223,NO,-,-,29492,"Mozilla/5.0 (Macintosh; Intel Mac OS X 10_14_6) AppleWebKit/537.36 (KHTML, like Gecko) Chrome/69.0.3497.17.19.92 Safari/537.36",Chrome 69.0.3497.17.19,Mac OS X 10.14.6,desktop,True,False,False
41,2020-02-03 12:44:57.260,-7004878831669814705,30.0,81.167.44.40,NO,Oslo County,Oslo,29695,Mozilla/5.0  (iPhone; CPU iPhone OS 11_2_6 like Mac OS X) Gecko/20081407 Firefox/20.0.0.1618 variation/193375,Firefox 20.0.0.1618,iOS 11.2.6,mobile,True,False,False
42,2020-02-03 12:44:58.433,1461328825928099664,,10.0.77.213,NO,Oslo County,Oslo,29695,"Mozilla/5.0  (X11; CrOS armv7l 5978.98.0) AppleWebKit/537.36 (KHTML, like Gecko Chrome/71.0.3578.36.30 Safari/537.36",Chrome 71.0.3578.36,Chrome OS 5978.98.0,desktop,True,False,False
43,2020-02-03 12:45:00.179,-2120778761353587807,,156.52.61.165,NO,Viken,Gressvik,29695,"Mozilla/5.0  (iPad; CPU OS 7_1 like Mac OS X) AppleWebKit/523.10 (KHTML, like Gecko Version/4.0 Mobile Safari/523.10 variation/277398",Android 2.0.0.2442,iOS 7.1,mobile,True,False,False
44,2020-02-03 12:45:04.512,4537402287908478266,,10.0.66.212,NO,Vestfold og Telemark,Ulefoss,29695,"Mozilla/5.0 (Macintosh; Intel Mac OS X 10_14_6) AppleWebKit/537.36 (KHTML, like Gecko) Chrome/69.0.3497.17.19.92 Safari/537.36",Chrome 69.0.3497.17.19,Mac OS X 10.14.6,desktop,True,False,False
45,2020-02-03 12:45:04.595,-4324475583306591935,,23.137.225.84,US,-,-,393398,"Mozilla/5.0  (Mobile; Windows Phone 8.1; Android 4.0; ARM; Trident/7.0; Touch; https://github.com/das-group/rba-dataset; IEMobile/11.0; Microsoft; Lumia 430 Dual SIM) AppleWebKit/537.36 (KHTML, like Gecko Chrome/80.0.3987.99 Mobile Safari/537.36 PHX/5.5",Chrome Mobile 80.0.3987,Windows Phone 8.1,mobile,False,False,False
46,2020-02-03 12:45:05.332,-4324475583306591935,,10.0.105.195,IN,-,-,45916,Mozilla/5.0  (iPhone; CPU iPhone OS 11_2_6 like Mac OS X) Gecko/20150101 Firefox/20.0.0.1618 (Chrome variation/193385,Firefox 20.0.0.1618,iOS 11.2.6,mobile,False,False,False
47,2020-02-03 12:45:06.634,-4324475583306591935,,199.26.84.153,US,-,-,393398,Mozilla/5.0  (Linux; Android 4.1; Galaxy Nexus Build/JRN84D) Gecko/20150101 Firefox/20.0.0.1670 (Chrome,Firefox 20.0.0.1670,Android 4.1,mobile,False,False,False
48,2020-02-03 12:45:07.192,-1855733646723088893,,158.248.221.20,NO,-,-,29695,"Mozilla/5.0 (Macintosh; Intel Mac OS X 10_14_6) AppleWebKit/537.36 (KHTML, like Gecko) Chrome/69.0.3497.17.19.92 Safari/537.36",Chrome 69.0.3497.17.19,Mac OS X 10.14.6,desktop,True,False,False
